{
  "$schema": "node_modules/wrangler/config-schema.json",
  "name": "0199e017-9f32-7ab6-a87e-398c70bd34c8",
  "main": "./src/worker/index.ts",
  "compatibility_date": "2025-06-17",
  "compatibility_flags": ["nodejs_compat"],
  "observability": {
    "enabled": true
  },
  "upload_source_maps": true,
  "assets": {
    "not_found_handling": "single-page-application"
  },
  "d1_databases": [
    {
      "binding": "DB",
      "database_name": "0199e017-9f32-7ab6-a87e-398c70bd34c8",
      "database_id": "0199e017-9f32-7ab6-a87e-398c70bd34c8"
    }
  ],
  "r2_buckets": [
    {
      "binding": "R2_BUCKET",
      "bucket_name": "0199e017-9f32-7ab6-a87e-398c70bd34c8"
    }
  ]
}
